category	guide_form	raw_guide_entry	thesaurus_form
guide_strips_article	a rate of knots	a rate of knots, 296	at a rate of knots
guide_strips_article	about face	about face, 280	an about face
guide_strips_article	about turn	about turn, 280	an about turn
guide_strips_article	ace up your sleeve	ace up your sleeve, 230	an ace up your sleeve
guide_strips_article	ball's in your court	ball's in your court, 189	the ball's in your court
guide_strips_article	bigger they are, the harder they fall	bigger they are, the harder they fall, 24	the bigger they are, the harder they fall
guide_strips_article	bird has flown	bird has flown, 360	the bird has flown
guide_strips_article	bit	bit, 61	a bit
guide_strips_article	bit of	bit of, 61	a bit of
guide_strips_article	bit of fluff	bit of fluff, 344	a bit of fluff
guide_strips_article	bit of skirt	bit of skirt, 345	a bit of skirt
guide_strips_article	bitter pill	bitter pill, 109, 144	a bitter pill
guide_strips_article	body of water	body of water, 414	a body of water
guide_strips_article	bottom line	bottom line, 190, 213	the bottom line
guide_strips_article	brink	brink, 310	the brink
guide_strips_article	chop	chop, 221	the chop
guide_strips_article	cloud hanging over	cloud hanging over, 76	a cloud hanging over
guide_strips_article	coast is clear	coast is clear, 296	the coast is clear
guide_strips_article	cold fish	cold fish, 365	a cold fish
guide_strips_article	course of history	course of history, 311	the course of history
guide_strips_article	curtain rises on	curtain rises on, 243	the curtain rises on
guide_strips_article	damp squib	damp squib, 101	a damp squib
guide_strips_article	dark ages	dark ages, 151	the dark ages
guide_strips_article	departed	departed, 208	the departed
guide_strips_article	dregs	dregs, 332	the dregs
guide_strips_article	drop in the ocean	drop in the ocean, 12	a drop in the ocean
guide_strips_article	false dawn	false dawn, 75	a false dawn
guide_strips_article	fine line	fine line, 200	a fine line
guide_strips_article	fixture	fixture, 388	a fixture
guide_strips_article	foot in the door	foot in the door, 283	a foot in the door
guide_strips_article	friend of	friend of, 380	a friend of
guide_strips_article	full life	full life, 315	a full life
guide_strips_article	gap widens	gap widens, 196	the gap widens
guide_strips_article	ghost of a	ghost of a, 216	the ghost of a
guide_strips_article	glutton for	glutton for, 109	a glutton for
guide_strips_article	going concern	going concern, 263	a going concern
guide_strips_article	good innings	good innings, 227	a good innings
guide_strips_article	grass is always greener	grass is always greener, 367	the grass is always greener
guide_strips_article	gravy train	gravy train, 402	the gravy train
guide_strips_article	green light	green light, 263, 266	the green light
guide_strips_article	handful	handful, 260	a handful
guide_strips_article	helm	helm, 276, 298	the helm
guide_strips_article	hot contest	hot contest, 80	a hot contest
guide_strips_article	launching pad	launching pad, 266	a launching pad
guide_strips_article	lone wolf	lone wolf, 370	a lone wolf
guide_strips_article	long and the short of it	long and the short of it, 41	the long and the short of it
guide_strips_article	long shot	long shot, 233	a long shot
guide_strips_article	long way from being	long way from being, 195	a long way from being
guide_strips_article	long way off	long way off, 318	a long way off
guide_strips_article	name to conjure with	name to conjure with, 302	a name to conjure with
guide_strips_article	near miss	near miss, 233	a near miss
guide_strips_article	nearest thing to	nearest thing to, 194	the nearest thing to
guide_strips_article	open mind	open mind, 148	an open mind
guide_strips_article	open secret	open secret, 157	an open secret
guide_strips_article	outside world	outside world, 304	the outside world
guide_strips_article	penny drops	penny drops, 211	the penny drops
guide_strips_article	penny has dropped	penny has dropped, 351	the penny has dropped
guide_strips_article	place in the sun	place in the sun, 88	a place in the sun
guide_strips_article	red rag to a bull	red rag to a bull, 72	a red rag to a bull
guide_strips_article	rot set in	rot set in, 389	the rot set in
guide_strips_article	second string to your bow	second string to your bow, 236	a second string to your bow
guide_strips_article	shadow of	shadow of, 13	a shadow of
guide_strips_article	shiver down the spine	shiver down the spine, 84, 104	a shiver down the spine
guide_strips_article	shot in the dark	shot in the dark, 151, 153	a shot in the dark
guide_strips_article	show must go on	show must go on, 240	the show must go on
guide_strips_article	sky's the limit	sky's the limit, 45	the sky's the limit
guide_strips_article	snake in the grass	snake in the grass, 363	a snake in the grass
guide_strips_article	snip	snip, 60	a snip
guide_strips_article	soft touch	soft touch, 93	a soft touch
guide_strips_article	song and dance	song and dance, 240	a song and dance
guide_strips_article	sore point/spot	sore point/spot, 90	a sore point/spot
guide_strips_article	step at a time	step at a time, 272	a step at a time
guide_strips_article	step forward	step forward, 264	a step forward
guide_strips_article	stream of	stream of, 11	a stream of
guide_strips_article	thin end of the wedge	thin end of the wedge, 35	the thin end of the wedge
guide_strips_article	ticket to	ticket to, 282	a ticket to
guide_strips_article	weight off your shoulders	weight off your shoulders, 97	a weight off your shoulders
guide_strips_article	weight on your shoulders	weight on your shoulders, 96	a weight on your shoulders
guide_strips_article	wet blanket	wet blanket, 80	a wet blanket
guide_strips_article	whale of	whale of, 61	a whale of
guide_strips_article	wolf in sheep's clothing	wolf in sheep's clothing, 370	a wolf in sheep's clothing
guide_strips_article	wrong side of	wrong side of, 316	the wrong side of
guide_short_form	adhere	adhere, 35	adhere to
guide_short_form	against the stream	against the stream, 138	against the stream/tide
guide_short_form	battlefield	battlefield, 238	battlefield/battleground
guide_short_form	below par	below par, 45	below par (
guide_short_form	blow your stack	blow your stack, 101	blow your stack/top
guide_short_form	bucket-loads	bucket-loads, 399	bucket-loads/buckets
guide_short_form	cauliflower ear	cauliflower ear, 340	cauliflower ear (
guide_short_form	come down	come down, 213	come down in the world
guide_short_form	cornflower blue	cornflower blue, 9	cornflower blue (
guide_short_form	descend	descend, 22	descend from
guide_short_form	enamoured	enamoured, 171	enamoured of (
guide_short_form	fallen	fallen, 26	fallen (
guide_short_form	fishbowl	fishbowl, 150	fishbowl/goldfish bowl
guide_short_form	foot of the page	foot of the page, 164	foot of the page (
guide_short_form	get kicks from	get kicks from, 89	get kicks from (__
guide_short_form	go off the rails	go off the rails, 122	go off the rails/track
guide_short_form	go with the flow	go with the flow, 138	go with the flow/the stream
guide_short_form	have someone by the balls	have someone by the balls, 289	have someone by the balls (
guide_short_form	hit the ceiling	hit the ceiling, 112	hit the ceiling/the roof
guide_short_form	indebted	indebted, 65	indebted to
guide_short_form	kick your	kick your, 265	kick your heels
guide_short_form	lark	lark, 360	lark around/lark about
guide_short_form	lunch break	lunch break, 321	lunch break (__
guide_short_form	masquerade	masquerade, 155, 216	masquerade as
guide_short_form	near to my heart	near to my heart, 203	near to my heart (
guide_short_form	neck and neck	neck and neck, 292	neck and neck/neck-a-neck
guide_short_form	nerves of iron	nerves of iron, 6	nerves of iron/steel
guide_short_form	on the right lines	on the right lines, 281	on the right lines/on the right track
guide_short_form	opalescent	opalescent, 9	opalescent (
guide_short_form	pass judgement/comment	pass judgement/comment, 183	pass judgement/comment (
guide_short_form	pent	pent, 209	pent up
guide_short_form	pick holes in	pick holes in, 135	pick holes in (
guide_short_form	pillar of	pillar of, 388	pillar of (
guide_short_form	play your cards	play your cards, 229	play your cards right
guide_short_form	premier	premier, 293	premier (
guide_short_form	prima	prima, 242	prima donna
guide_short_form	pull yourself together	pull yourself together, 124	pull yourself together (
guide_short_form	put aside	put aside, 204	put aside/put on one side
guide_short_form	put in the shade	put in the shade, 13	put in the shade (
guide_short_form	rank and file	rank and file, 377	rank and file/the ranks
guide_short_form	remotely	remotely, 195	remotely like
guide_short_form	ring true	ring true, 5	ring true (
guide_short_form	rub up the wrong way	rub up the wrong way, 94	rub up the wrong way (
guide_short_form	schlock	schlock, 4	schlock (
guide_short_form	search	search, 145	search for
guide_short_form	shitty	shitty, 7	shitty (
guide_short_form	short-circuit	short-circuit, 281	short-circuit (
guide_short_form	skate	skate, 162	skate around
guide_short_form	smarmy	smarmy, 95	smarmy (
guide_short_form	squeaky-clean	squeaky-clean, 14	squeaky-clean (
guide_short_form	steal the show	steal the show, 241	steal the show/steal the scene
guide_short_form	sterling	sterling, 1	sterling (
guide_short_form	stoke	stoke, 77	stoke up
guide_short_form	subservient	subservient, 169	subservient to
guide_short_form	swim with the tide	swim with the tide, 294	swim with the tide/swim with the current
guide_short_form	take the bull by the horns	take the bull by the horns, 260	take the bull by the horns (
guide_short_form	tip the scales	tip the scales, 212	tip the scales/balance
guide_short_form	up the creek	up the creek, 265	up the creek (without a paddle)
guide_short_form	wear the trousers	wear the trousers, 345	wear the trousers/wear the pants
slash_combined	about-turn	about-turn, 181	u-turn/about-turn
slash_combined	any road	any road, 180	anyway/any road
slash_combined	battleground	battleground, 238	battlefield/battleground
slash_combined	bring to light	bring to light, 154	come/bring to light
slash_combined	buckets	buckets, 399	bucket-loads/buckets
slash_combined	cast in concrete	cast in concrete, 33	set/cast in concrete
slash_combined	cast in stone	cast in stone, 33	set/cast in stone
slash_combined	dirty swine	dirty swine, 16	filthy/dirty swine
slash_combined	goldfish bowl	goldfish bowl, 150	fishbowl/goldfish bowl
slash_combined	keep up with	keep up with, 292	keep up/keep up with
slash_combined	knock for six	knock for six, 105	hit/knock for six
slash_combined	line of least resistance	line of least resistance, 281	the path of least resistance/line of least resistance
slash_combined	on the right track	on the right track, 281	on the right lines/on the right track
slash_combined	put on one side	put on one side, 204	put aside/put on one side
slash_combined	put out to pasture	put out to pasture, 372	put out to grass/put out to pasture
slash_combined	slap on the back	slap on the back, 89	pat/slap on the back
slash_combined	steal the scene	steal the scene, 241	steal the show/steal the scene
slash_combined	swim with the current	swim with the current, 294	swim with the tide/swim with the current
slash_combined	the roof	the roof, 112	hit the ceiling/the roof
slash_combined	throw light on	throw light on, 154	cast/shed/throw light on
slash_combined	up the creek without a paddle	up the creek without a paddle, 296	up the creek/up the creek without a paddle
slash_combined	wear the pants	wear the pants, 345	wear the trousers/wear the pants
different_phrasing	against the tide	against the tide, 138	against the stream/tide
different_phrasing	be overcome by	be overcome by, 170	be behind
different_phrasing	be taken with	be taken with, 105	be behind
different_phrasing	bleed (dry/white)	bleed (dry/white), 400	bleed
different_phrasing	blow by blow account/description	blow by blow account/description, 236	blow
different_phrasing	bounce off	bounce off, 189	bounce back
different_phrasing	bring pressure (to bear) on	bring pressure (to bear) on, 256	bring
different_phrasing	bring to bear	bring to bear, 256	bring
different_phrasing	callous	callous, 88	callous?
different_phrasing	cast light on	cast light on, 154	cast
different_phrasing	cesspit	cesspit, 7	cesspit, cesspool
different_phrasing	come around/round	come around/round, 313	come
different_phrasing	come out (of the closet)	come out (of the closet), 208	come
different_phrasing	come out of/go/crawl/retire into your shell	come out of/go/crawl/retire into your shell, 364	come
different_phrasing	come to light	come to light, 154	come
different_phrasing	crabgras	crabgras, 403	crabgrass
different_phrasing	curtain descends/falls on	curtain descends/falls on, 243	curtain-raiser
different_phrasing	cut the ground from under their feet	cut the ground from under their feet, 24	cut
different_phrasing	dice is cast	dice is cast, 229	dice with death
different_phrasing	dime a dozen	dime a dozen, 4	dimension
different_phrasing	divorce … from	divorce … from, 172	divorce yourself from
different_phrasing	down market	down market, 44	down
different_phrasing	down the hatch	down the hatch, 353	down
different_phrasing	face up to	face up to, 203	face
different_phrasing	fall to pieces/bits/apart	fall to pieces/bits/apart, 331	fall
different_phrasing	filthy swine	filthy swine, 16	filthy
different_phrasing	fool around/about	fool around/about, 277	fool
different_phrasing	fritter (away)	fritter (away), 68	fritter away
different_phrasing	fuck around/about	fuck around/about, 277	fuck around/fuck about
different_phrasing	get change out of	get change out of, 2	get
different_phrasing	get you teeth into	get you teeth into, 108	get
different_phrasing	ghost of a chance/idea	ghost of a chance/idea, 166	ghost
different_phrasing	give a rest	give a rest, 216	give a free rein to
different_phrasing	give … a rest	give … a rest, 216	give a free rein to
different_phrasing	go off the track	go off the track, 122	go
different_phrasing	go with the stream	go with the stream, 138	go
different_phrasing	hawk-ey	hawk-ey, 359	hawk-eyed
different_phrasing	hit for six	hit for six, 105	hit
different_phrasing	hit the roof	hit the roof, 112	hit
different_phrasing	in advance	in advance, 313	in a (flat) spin
different_phrasing	in dire/difficult straits	in dire/difficult straits, 296	in a (flat) spin
different_phrasing	in the driving/driver's seat	in the driving/driver's seat, 289	in a (flat) spin
different_phrasing	in the limelight	in the limelight, 12	in a (flat) spin
different_phrasing	in the same/different league	in the same/different league, 226	in a (flat) spin
different_phrasing	in the short/long run	in the short/long run, 320	in a (flat) spin
different_phrasing	in the/out of the running	in the/out of the running, 291	in a (flat) spin
different_phrasing	keep …together	keep …together, 114	keep ... for a rainy day
different_phrasing	kill (off)	kill (off), 220	kill
different_phrasing	knee-deep in	knee-deep in, 69	knee-deep
different_phrasing	know your way about/around	know your way about/around, 304	know the ropes/learn the ropes
different_phrasing	lark around/about	lark around/about, 277	lark around/lark about
different_phrasing	lay down law/rules	lay down law/rules, 28	lay a foundation
different_phrasing	leave a bad/sour/unpleasant taste	leave a bad/sour/unpleasant taste, 20	leave
different_phrasing	lie about/around	lie about/around, 265	lie
different_phrasing	line up behind/with	line up behind/with, 278	line
different_phrasing	loaf around/about	loaf around/about, 277	loaf around/loaf about
different_phrasing	lose touch (with)	lose touch (with), 207	lose
different_phrasing	mess around/about	mess around/about, 277	mess around/mess about
different_phrasing	nerves of steel	nerves of steel, 6	nerves of iron/steel
different_phrasing	new ball game	new ball game, 226	new blood
different_phrasing	not care/not be worth a fig	not care/not be worth a fig, 66	not a patch on
different_phrasing	not to put too fine a point on it	not to put too fine a point on it, 178	not a patch on
different_phrasing	oceans of	oceans of, 10	oceans
different_phrasing	on all/full cylinders	on all/full cylinders, 272	on
different_phrasing	on the right lines/track	on the right lines/track, 281	on
different_phrasing	pat on the back	pat on the back, 89	pat/slap on the back
different_phrasing	path of least resistance	path of least resistance, 281	path
different_phrasing	piss around/about	piss around/about, 277	piss
different_phrasing	plant ...on	plant ...on, 392	plant
different_phrasing	play your cards (right)	play your cards (right), 229	play a game
different_phrasing	profit margin	profit margin, 62	profit from
different_phrasing	pump into	pump into, 400	pump out
different_phrasing	put a/the lid	put a/the lid, 325	put a brave face on
different_phrasing	put out to grass/pasture	put out to grass/pasture, 372	put a brave face on
different_phrasing	rack you brains	rack you brains, 103	rack your brains
different_phrasing	raise (a smile/laugh)	raise (a smile/laugh), 210	raise
different_phrasing	reap benefits/rewards	reap benefits/rewards, 222	reap benefits/ reap rewards
different_phrasing	rise (up)	rise (up), 25	rise
different_phrasing	rope in/into	rope in/into, 308	rope in
different_phrasing	run into/up against	run into/up against, 285	run
different_phrasing	running behind/ahead of	running behind/ahead of, 320	running
different_phrasing	sail close to/against the wind	sail close to/against the wind, 297	sail
different_phrasing	set the scene for	set the scene for, 243	set
different_phrasing	set the stage for	set the stage for, 243	set
different_phrasing	set/put the wheels in motion	set/put the wheels in motion, 266	set/put/get the record straight
different_phrasing	shed light on	shed light on, 154	shed
different_phrasing	shut ou	shut ou, 387	shut down
different_phrasing	siphon (off)	siphon (off), 401	siphon off
different_phrasing	sit around (on your backside)	sit around (on your backside), 265	sit
different_phrasing	skinflin	skinflin, 391	skinflint
different_phrasing	squeeze...(dry)	squeeze...(dry), 400	squeeze...dry
different_phrasing	steal the show/scene	steal the show/scene, 241	steal a march on
different_phrasing	steer away from/clear of	steer away from/clear of, 302	steer
different_phrasing	stick your nose into	stick your nose into, 160	stick
different_phrasing	stretch int	stretch int, 316	stretch
different_phrasing	string … along	string … along, 289	string
different_phrasing	sub	sub, 63	sub-
different_phrasing	sweep (through)	sweep (through), 183	sweep aside
different_phrasing	swim with the tide/current	swim with the tide/current, 294	swim
different_phrasing	take... down a peg	take... down a peg, 29	take...with you
different_phrasing	teeter on the edge/verge (of	teeter on the edge/verge (of, 24	teeter on the edge/verge (of)
different_phrasing	the  bare bones	the  bare bones, 166	the ball's in your court
different_phrasing	the cut and thrust	the cut and thrust, 177	the ball's in your court
different_phrasing	thumbs up/down	thumbs up/down, 44, 45	thumbs down
different_phrasing	tip the balance	tip the balance, 212	tip of the iceberg
different_phrasing	turn round/around	turn round/around, 264	turn
different_phrasing	up to your eyeballs in	up to your eyeballs in, 69	up
different_phrasing	up to your neck in	up to your neck in, 69	up
different_phrasing	up to your neck/eyeballs in	up to your neck/eyeballs in, 69	up
different_phrasing	wake up (to)	wake up (to), 210	wake up to
different_phrasing	walk ove	walk ove, 27	walk a tightrope between
different_phrasing	wear the trousers/pants	wear the trousers/pants, 345	wear
different_phrasing	yoke (together	yoke (together, 278	yoke
hyphen_variant	arm-candy	arm-candy, 335	arm candy
hyphen_variant	cock-pit	cock-pit, 362	cockpit
hyphen_variant	couch potato	couch potato, 340	couch-potato
hyphen_variant	eye-candy	eye-candy, 335	eye candy
hyphen_variant	hook-up	hook-up, 116	hook up
hyphen_variant	run up	run up, 319	run-up
hyphen_variant	souped up	souped up, 412	souped-up
guide_typo	amily jewels	amily jewels, 343	
absent	all/along the way	all/along the way, 318	
absent	arm/eye candy	arm/eye candy, 335	
absent	bang/beat the drum for	bang/beat the drum for, 244	
absent	beyond/out of reach	beyond/out of reach, 260	
absent	bull's eye	bull's eye, 197, 225	
absent	cesspool	cesspool, 7	
absent	champ/chafe at the bit	champ/chafe at the bit, 372	
absent	charged/up	charged/up, 82	
absent	clear/open the way for	clear/open the way for, 282	
absent	clotted cream	clotted cream, 413	
absent	clutch/grasp at straws	clutch/grasp at straws, 294	
absent	column	column, 131	
absent	come/go with the territory	come/go with the territory, 302	
absent	days/times gone by	days/times gone by, 320	
absent	drag/press/rope/frighten/talk into	drag/press/rope/frighten/talk into, 307	
absent	draw/pull in your horns	draw/pull in your horns, 364	
absent	drily	drily, 71	
absent	drown, drown out	drown, drown out, 394	
absent	drown, drown/out	drown, drown/out, 69	
absent	flare, flare up	flare, flare up, 78	
absent	frighten/lock/talk out of	frighten/lock/talk out of, 308	
absent	gain/lose ground	gain/lose ground, 237	
absent	get...over	get...over, 183	
absent	get/find your bearings	get/find your bearings, 312	
absent	get/pull/wriggle out of	get/pull/wriggle out of, 309	
absent	go/run to seed	go/run to seed, 337	
absent	hard/tough going	hard/tough going, 285	
absent	have/get your way	have/get your way, 283	
absent	headhunter	headhunter, 233	
absent	heartless daughter she was	heartless daughter she was, 82	
absent	high-flier	high-flier, 45	
absent	in/out of the picture	in/out of the picture, 303	
absent	infected	infected, 173	
absent	keep/stay out of	keep/stay out of, 309	
absent	know/learn the ropes	know/learn the ropes, 297	
absent	laden	laden, 96	
absent	let/get off the hook	let/get off the hook, 365	
absent	move/step up a gear	move/step up a gear, 352	
absent	on/at hand	on/at hand, 259	
absent	path/ line of least resistance	path/ line of least resistance, 287	
absent	pave/smooth/prepare the way for	pave/smooth/prepare the way for, 287	
absent	pick/get up steam	pick/get up steam, 296	
absent	pig/piggy in the middle	pig/piggy in the middle, 373	
absent	poor/raw/bad deal	poor/raw/bad deal, 230	
absent	put/go through the mill	put/go through the mill, 338	
absent	put/lay your cards on the table	put/lay your cards on the table, 229	
absent	ranks	ranks, 377	
absent	reach/get to first base	reach/get to first base, 227	
absent	retro--	retro--, 319	
absent	set/start/open up	set/start/open up, 324	
absent	shake/rock (to) the foundations	shake/rock (to) the foundations, 390	
absent	shed/throw light on	shed/throw light on, 154	
absent	shift/change gear	shift/change gear, 354	
absent	shy/steer/run away from	shy/steer/run away from, 309	
absent	somber	somber, 75	
absent	stick/put your oar in	stick/put your oar in, 296	
absent	streak/get/pull ahead	streak/get/pull ahead, 292	
absent	take/run its course	take/run its course, 312	
absent	takes the biscuit	takes the biscuit, 67	
absent	tea/lunch break	tea/lunch break, 321	
absent	teach/show someone the ropes	teach/show someone the ropes, 298	
absent	throw/put...off the scent	throw/put...off the scent, 233	
absent	thrust...upon	thrust...upon, 27	
absent	turn/go belly up	turn/go belly up, 220	
absent	turn/go sour	turn/go sour, 402	